name,full_address,phone,website,rating,rating_count,business_type,industry,ai_local_confidence,ai_service_confidence,ai_software_potential,needed_services,visit_reason,software_reasoning,franchise_check,latitude,longitude,place_id
Tax Partners - Accountants and Tax Consultants,"17817 Leslie St Unit #2, Newmarket, ON L3Y 8C6, Canada",(905) 836-8755,https://taxpartners.ca/,4.9,903,lawyer,Professional Services (Visit Location),100,100,90,"booking system, CRM, online presence improvement",Customers visit for tax consultation and accounting services.,"Need for efficient appointment scheduling, client management, and online visibility.",Appears to be local business,44.07378,-79.43341819999999,ChIJ2YpFEYTNKogRivMJ179HPJc
Leslie Med Spa,"#1, 17817 Leslie St, Newmarket, ON L3Y 8C6, Canada",(905) 235-7770,http://www.lesliemedspa.ca/,4.9,60,spa,Healthcare & Wellness Services,100,100,90,"booking system, CRM, website",Clients visit for medical spa treatments,Appointment management and customer relationship tracking are essential,Appears to be local business,44.07384099999999,-79.43340950000001,ChIJE0PSNJrNKogRhuHhK3CI0no
Master Mechanic Newmarket,"225 Pony Dr, Newmarket, ON L3Y 7B5, Canada",(905) 830-0789,https://www.mastermechanic.ca/locations/home.php?location=Newmarket&utm_source=google&utm_medium=organic&utm_campaign=local_newmarket,4.6,200,car_repair,Automotive Services,100,100,80,"booking system, CRM, website",Customers visit for professional auto repair and maintenance services.,Requirement for efficient appointment scheduling and customer relationship management.,Appears to be local business,44.0741422,-79.42931700000001,ChIJ90cVoJ7NKogRWIXFdXPXrnQ
Craig Proctor,"1111 Stellar Dr Unit #12, Newmarket, ON L3Y 7B8, Canada",(800) 538-1034,https://craigproctor.com/,4.9,405,lawyer,Professional Services (Visit Location),100,100,80,"booking system, CRM, website",Customers come in for legal services and consultation.,"Necessity for efficient appointment scheduling, client relationship management, and online presence.",Appears to be local business,44.0768385,-79.4321346,ChIJQ4_mJ5nNKogRA_D1KQhnUoE
The UPS Store,"1111 Davis Dr Ste 23, Newmarket, ON L3Y 9E5, Canada",(905) 853-0852,http://theupsstore.ca/134,3.5,83,financial_planner,Professional Services (Visit Location),100,100,85,"booking system, CRM, website",Customers visit for shipping and printing services,"Requirement for streamlined booking, customer management, and online services",Appears to be local business,44.0684968,-79.4304487,ChIJx3K8loPNKogRadavteCapS4
Best Way To Move Ltd,"1172 Davis Dr #106, Newmarket, ON L3Y 8X4, Canada",(416) 999-6683,https://bestwaytomove.com/Newmarket-Movers.html,5,35,moving_company,Moving & Logistics Services,90,90,80,"booking system, CRM, website",Customers visit for moving services,Need for efficient booking and customer management,Appears to be local business,44.06588190000001,-79.42710280000001,ChIJx9AwQYLNKogR4QhzZxEp9no
Wilton Industries Ltd,"17345 Leslie St, Newmarket, ON L3Y 0A4, Canada",(416) 679-0790,https://wilton.com/,3.7,6,oil_change_service,Automotive Services,100,100,85,"booking system, CRM, website",Customers visit for oil change services,Opportunity to streamline service tracking and online presence,Appears to be local business,44.0617786,-79.4302149,ChIJf_ZAGQc7K4gRzSbSO8S-vto
Comfort Inn,"1230 Journey's End Cir, Newmarket, ON L3Y 8Z6, Canada",(905) 895-3355,https://www.choicehotels.com/ontario/newmarket/comfort-inn-hotels/cn281?mc=llrscncn&pmf=canada,3.8,649,hvac_contractor,Home & Property Services,100,100,80,"booking system, CRM, website",Customers visit for HVAC services,Enhancing booking processes and customer management,Appears to be local business,44.0696497,-79.4231871,ChIJW6bTwXfNKogRXdT1e_s5-to
Toronto Professional Movers - Newmarket Moving Company,"35 Huron Heights Dr #16, Newmarket, ON L3Y 2R2, Canada",(416) 434-9179,http://torontopromovers.ca/,4.9,56,moving_company,Moving & Logistics Services,90,90,85,"booking system, CRM, website",Physical visits for professional moving services,Requirement for advanced booking and customer management solutions,Appears to be local business,44.0642333,-79.44497679999999,ChIJqWHIqYvNKogRWIRB7a_0Mps
Sugar Bare Body Bar,"615 Davis Dr Unit 100, Newmarket, ON L3Y 2R2, Canada",(905) 235-4600,https://sugarbarebodybar.com/,4.9,673,beauty_salon,Healthcare & Wellness Services,100,100,90,"booking system, CRM, online presence improvement",Customers visit for body treatments and services.,"Need for efficient booking, customer management, and online visibility.",Appears to be local business,44.06144,-79.45239769999999,ChIJ77qC0B_OKogR-gSj6bAqsf4
Dr. Richard Rival,"581 Davis Dr Suite 101, Newmarket, ON L3Y 2P6, Canada",(905) 830-6711,https://www.rivalcosmeticsurgery.com/?utm_source=google&utm_medium=local&utm_campaign=newmarket-practice-website,4.6,38,spa,Healthcare & Wellness Services,100,100,90,"booking system, CRM, website",Patients visit for cosmetic surgery consultations and procedures,Appointment scheduling and patient record management are crucial,Appears to be local business,44.0611791,-79.4537805,ChIJheY9iwnSKogRCry9h8jicRs
Southlake Health,"596 Davis Dr, Newmarket, ON L3Y 2P9, Canada",(905) 895-4521,https://southlake.ca/,2.9,1142,hvac_contractor,Home & Property Services,100,100,80,"booking system, CRM, website",Customers visit for HVAC services,Potential for service tracking and online presence enhancement,Appears to be local business,44.06037509999999,-79.45159579999999,ChIJXzoTEwrSKogRYh6UTMfpaF8
Mr. M's Auto Service Centre,"30 Charles St, Newmarket, ON L3Y 3V8, Canada",(905) 898-0514,http://www.mrmsautoservice.com/,4.5,107,car_repair,Automotive Services,100,100,90,"booking system, CRM, website",Customers visit for car repair and maintenance services.,Need for efficient appointment scheduling and customer management.,Appears to be local business,44.0592248,-79.4557966,ChIJS4yVDwnSKogRKXqtcofTQcE
Jacobson Endodontics,"531 Davis Dr #206, Newmarket, ON L3Y 6P5, Canada",(905) 830-8880,https://jacobsonendodontics.com/,4.9,43,dentist,Healthcare & Wellness Services,100,100,90,"booking system, CRM, online presence improvement",Patients visit for endodontic treatments and consultations.,Need for efficient appointment scheduling and patient management.,Appears to be local business,44.0606094,-79.45639709999999,ChIJd1bEh_jRKogRsbQksgkyY-Q
Newmarket,"Newmarket, ON, Canada",N/A,http://www.newmarket.ca/userfiles/HTML/nts_1_1_1.html,N/A,0,hvac_contractor,Home & Property Services,100,100,80,"booking system, CRM, website",Customers visit for HVAC services,Opportunity for streamlined service tracking and online presence,Appears to be local business,44.05918700000001,-79.46125599999999,ChIJTwGu8AvSKogRj9xyAHO_Ocs
Sanctuary Day Spas Newmarket,"57 Main St S, Newmarket, ON L3Y 3Y5, Canada",(905) 953-9772,http://www.sanctuarydayspas.com/newmarket/,4.6,384,spa,Healthcare & Wellness Services,100,100,90,"booking system, CRM, website",Customers visit for spa services,Need for efficient booking and customer management,Appears to be local business,44.05726629999999,-79.4601478,ChIJf5YS7AXSKogREn_rVgRJwv4
Knappett Jewellers,"219 Main St S, Newmarket, ON L3Y 6M7, Canada",(905) 895-8057,http://www.knappetts.com/,4.9,105,jewelry_store,Specialized Retail Services,90,90,80,"booking system, CRM, website","Customers visit for jewelry purchases, repairs, and custom designs.","Need for efficient appointment scheduling, customer relationship management, and online presence.",Appears to be local business,44.052803,-79.456921,ChIJc6pvLxDSKogRWRMA7NDqrbk
Robichaud's,"376 Eagle St #3, Newmarket, ON L3Y 1K4, Canada",(905) 235-8389,https://robichaudlaw.ca/,5,3,lawyer,Professional Services (Visit Location),100,100,75,"booking system, CRM, website",Clients visit for legal advice and representation.,"Requirement for effective appointment scheduling, client management, and online visibility.",Appears to be local business,44.0490403,-79.4610119,ChIJCX2c5a8uK4gRqTRFcbmgIBg
CAA Store - Newmarket,"130 Davis Dr, Newmarket, ON L3Y 2N1, Canada",(905) 836-5171,https://www.caasco.com/store-locator/Newmarket/CAA-Newmarket,4.2,167,financial_planner,Professional Services (Visit Location),100,100,90,"booking system, CRM, website",Customers visit for travel and insurance services,"Need for efficient booking, customer management, and online presence",Appears to be local business,44.05574980000001,-79.4738192,ChIJKxjYYPfRKogRfaDUKZoTS3c
Loon Moving Company,"57 Wilstead Dr, Newmarket, ON L3Y 4T8, Canada",(437) 455-4747,https://loonmoving.ca/,5,20,moving_company,Moving & Logistics Services,90,90,85,"booking system, CRM, website",Customers come in for moving services,Demand for efficient booking and customer relationship management,Appears to be local business,44.0536037,-79.47614829999999,ChIJ3X4U4umFZ2cRFWTIFkYDJNg
Best Western Voyageur Place Hotel,"17565 Yonge St, Newmarket, ON L3Y 5H6, Canada",(905) 895-2131,https://www.bestwestern.com/en_US/book/hotel-rooms.66065.html?iata=00171880&ssob=BLBWI0004G&cid=BLBWI0004G:google:gmb:66065,4.2,1131,hvac_contractor,Home & Property Services,100,100,80,"booking system, CRM, website",Customers visit for HVAC services,Improving booking systems and online presence,Appears to be local business,44.05628029999999,-79.4797155,ChIJi418CvDRKogRwq5nNblO-VA
"Toys""R""Us","Upper Canada Mall, 17600 Yonge St, Newmarket, ON L3Y 4Z1, Canada",(905) 895-0869,https://www.toysrus.ca/en/storelocator?utm_source=Google&utm_medium=lpm&utm_campaign=toysrus,3.6,332,financial_planner,Professional Services (Visit Location),100,100,80,"booking system, CRM, website",Customers visit for toy purchases,"Opportunity for enhanced booking, customer management, and online presence",Appears to be local business,44.05756119999999,-79.48480699999999,ChIJxbMFKfvRKogRgbEuKSZvric
Caryl Baker Visage Upper Canada Mall,"17600 Yonge Street Lower Level Entrance 3, Newmarket, ON L3Y 4Z1, Canada",(905) 836-8577,https://carylbakervisage.com/pages/upper-canada-mall,4.7,666,spa,Healthcare & Wellness Services,100,100,90,"booking system, CRM, website",Customers visit for spa services like facials and makeup,Need for efficient appointment scheduling and customer management,Appears to be local business,44.056104,-79.4855044,ChIJxbMFKfvRKogRep3NJ6euWVM
Rogers,"17600 Yonge St Unit B5D, Newmarket, ON L3Y 4Z1, Canada",(905) 853-1462,https://www.rogers.com/stores/newmarket/upper-canada-mall,4.3,157,watch_repair_service,Specialized Retail Services,90,90,80,"booking system, CRM, website",Customers visit for watch repair services,Need for efficient appointment scheduling and customer management,Appears to be local business,44.056245,-79.4859463,ChIJxbMFKfvRKogRm4OppruOawM
Speedy Auto Service Newmarket,"17295a Yonge St, Newmarket, ON L3Y 8Z2, Canada",(905) 898-2811,https://speedy.com/en-ca/shop/newmarket/,4.5,262,car_repair,Automotive Services,100,100,85,"booking system, service tracking/management, website",Customers visit for automotive repair and maintenance services.,Opportunity for streamlined service tracking and online presence improvement.,Appears to be local business,44.04966389999999,-79.4785034,ChIJwRC6NfLRKogRlx1sAXCN54w
Domenic Manzo,"16775 Yonge St #224, Newmarket, ON L3Y 8J4, Canada",(416) 399-1018,http://www.manzolaw.ca/,4.5,16,lawyer,Professional Services (Visit Location),100,100,85,"booking system, CRM, payment processing",Clients physically visit for legal consultation and services.,"Requirement for streamlined appointment booking, client management, and secure payment processing.",Appears to be local business,44.0370666,-79.4754857,ChIJOciSM-LTKogRwY2HTgtKGdI
The UPS Store,"Forest Green Sq, 16715 Yonge St, Newmarket, ON L3X 1X4, Canada",(905) 853-8878,http://theupsstore.ca/21,2.9,150,nail_salon,Healthcare & Wellness Services,100,100,90,"booking system, CRM, online presence improvement","Customers visit for shipping, printing, and mailbox services.",Need for efficient customer management and online booking.,Appears to be local business,44.0358354,-79.4739919,ChIJ34sjAIbRKogRvbXiIfqx2ug
Parris International Movers & Storage,"2 Orchard Heights Blvd, Aurora, ON L4G 6T5, Canada",(416) 677-2848,http://parrismovers.ca/,4.6,130,moving_company,Moving & Logistics Services,90,90,80,"booking system, CRM, website",Customers physically visit for moving and storage services,Requirement for streamlined booking and service tracking,Appears to be local business,44.0095589,-79.4712376,ChIJywvG4djTKogR3q901rrQzMA
Golf Glen Veterinary Clinic,"15570 Yonge St Unit 1, Aurora, ON L4G 1P2, Canada",(905) 727-3003,https://www.golfglenvet.ca/?utm_source=organic+search&utm_medium=gbp,4.8,407,veterinary_care,Pet & Animal Services,100,100,90,"booking system, CRM, online presence improvement",Customers physically visit for veterinary care services.,Opportunity for streamlined appointment booking and customer relationship management.,Appears to be local business,44.007312,-79.469993,ChIJh7qy8t_TKogRnUMIY86SyqE
Ag Enhancive Clinic,"15387 Yonge St, Aurora, ON L4G 1P1, Canada",(905) 503-7546,https://agenhancive.com/,5,29,spa,Healthcare & Wellness Services,100,100,90,"booking system, CRM, website",Patients visit for advanced cosmetic procedures,Need for sophisticated appointment scheduling and patient management,Appears to be local business,44.0032358,-79.4680968,ChIJB4Gdg7IrK4gRg0yGnAY_G-g
R A Graham Contractors,"13 Industrial Pkwy S, Aurora, ON L4G 3V9, Canada",(905) 763-1701,https://www.ragraham.ca/,5,3,electrician,Home & Property Services,95,90,85,"booking system, CRM, website",Customers physically visit for electrical contracting services,Opportunity for service tracking and online presence improvement,Appears to be local business,44.0008177,-79.45594270000001,ChIJWdR8uEkrK4gRr1ts26KACAk
Best Buy,"52 First Commerce Dr Unit 2, Aurora, ON L4G 0H5, Canada",(866) 237-8289,https://stores.bestbuy.ca/en-ca/on/aurora/52-first-commerce-dr-unit-2,3.8,643,financial_planner,Professional Services (Visit Location),100,100,80,"booking system, CRM, website",Customers visit for electronics and appliance purchases,"Potential for improved booking, customer management, and online services",Appears to be local business,44.0124551,-79.4178593,ChIJdz0SjgXTKogR7hA1SvR4QpY
LeGallais Veterinary Hospital,"25 William Graham Dr Unit 5B, Aurora, ON L4G 3G3, Canada",(905) 713-2366,https://legallaisvet.com/?utm_source=gmb&utm_medium=organic&y_source=1_MzU0NTk1ODItNzE1LWxvY2F0aW9uLndlYnNpdGU%3D,4.8,282,veterinary_care,Pet & Animal Services,100,100,90,"booking system, CRM, online presence improvement",Customers visit for veterinary care services.,Need for efficient appointment scheduling and customer management.,Appears to be local business,44.0270853,-79.430298,ChIJA7D4rOjTKogRQ39-MW5XEIU
Locksmith On Demand,"16945 Leslie St, Newmarket, ON L3Y 9A2, Canada",(647) 477-4108,https://locksmithondemand.ca/,4.9,208,locksmith,Home & Property Services,100,100,90,"booking system, CRM, website",Customers visit for locksmith services,Need for efficient booking and customer management,Appears to be local business,44.052478,-79.4263765,ChIJhThQrGkH7EMRI8_SPPbRbE8
Say Watt Electric,"334 Darlington Crescent, Newmarket, ON L3Y 6N4, Canada",(416) 906-7416,http://saywattelectric.ca/,5,30,electrician,Home & Property Services,90,90,85,"booking system, CRM, website",Customers come for electrical services,Potential for mobile apps for customer convenience,Appears to be local business,44.0689695,-79.46775149999999,ChIJb2BiJe1EECgRFQnd4rfo66k
Rogers,"18075 Yonge St, Newmarket, ON L3Y 8V1, Canada",(905) 830-0369,https://www.rogers.com/stores/newmarket/yonge-bristol,3.9,106,tire_shop,Automotive Services,100,100,80,"CRM, website, mobile app",Customers visit for telecommunication services,Opportunity for enhanced customer management and online presence,Appears to be local business,44.0686339,-79.4824831,ChIJSTxm7xzOKogRm8XBytBzYrU
Newmarket Inn,"18667 Old Yonge St, East Gwillimbury, ON L9N 0J2, Canada",(905) 895-4585,http://www.newmarketinn.com/,3.9,508,hvac_contractor,Home & Property Services,100,100,80,"booking system, CRM, website",Customers visit for HVAC services,Software for efficient booking and customer management,Appears to be local business,44.0832674,-79.48688039999999,ChIJUyJ5YBPOKogRcwNRjaQqAog
Vault Self Storage,"98 Sluse Rd, Holland Landing, ON L9N 1G8, Canada",(647) 699-7302,https://www.applestorage.com/self-storage/on/holland-landing/sluse-road/?utm_source=GBP&utm_medium=organic#/,4.6,103,moving_company,Moving & Logistics Services,90,90,80,"booking system, CRM, website",Customers come for self-storage services,Opportunity for enhanced customer management and online presence,Appears to be local business,44.11168279999999,-79.51612399999999,ChIJu8USeALPKogReOQIDBv5wac
Perfect Moves,"1825 Doane Rd #1, Queensville, ON L0G 1R0, Canada",(905) 830-9329,http://perfectmoves.ai/,5,23,moving_company,Moving & Logistics Services,90,90,80,"booking system, CRM, website",Customers physically visit for moving services,Demand for efficient booking and service tracking,Appears to be local business,44.1225877,-79.43369059999999,ChIJiWkjuWXMKogRNQspfidxeAQ
